block_timestamp,supply_rates,borrow_rates,prices_usd,total_supply_history,total_borrows_history
1590285092,0.007934542887599103,0.04130930061993526,1.000000,1485347663.90723638,6419501.719552724638
1590370601,0.008617036366141253,0.042486588010567254,1.000000,1413015728.99376136,6436195.476403089320
1590456110,0.009822429740832543,0.044494865983142486,1.000000,1307062509.12209422,6492121.954655613725
1590541619,0.010216360431260021,0.04512840642495283,1.000000,1279973443.06319704,6524712.134627717617
1590627129,0.0098737485914899,0.04456581681906212,1.000000,1331452164.46217147,6620617.282779920495
1590712638,0.010778613528351442,0.045929587273081954,1.000000,1262086192.72245563,6576274.895174739437
1590798147,0.011885676004745174,0.047674804568875996,1.000000,1158444220.21970475,6499432.964514297003
1590883656,0.012230764509032804,0.04809418639900733,1.000000,1142769878.18487194,6458312.196751729469
1590969166,0.0166406244872872,0.05416807063885921,1.000000,953870602.24478281,6607607.840691006250
1591054675,0.014501543432113038,0.05136122726137116,1.000000,1044398575.51243170,6635558.423561913386
1591140184,0.014360016963070786,0.05117708991610111,1.000000,1079928993.87881027,6828225.031466864754
1591225693,0.01711644743883624,0.054724609164388205,1.000000,1006070912.45438236,7052003.885982212500
1591311203,0.019669035598391223,0.057848981255522985,1.000000,931209105.34992196,7140062.404260576441
1591396712,0.020655994647082974,0.05900625262096546,1.000000,947906799.81718032,7486147.293565235732
1591482221,0.019782042326486147,0.05796833001624979,1.000000,972556202.62863800,7465455.831346839858
1591567731,0.018078039494259856,0.055940364604859114,1.000000,1028408555.44957362,7473222.610233900000
1591653240,0.016197998690711174,0.05348437655621302,1.000000,1109688658.75637532,7451482.649117504817
1591738749,0.018715182495874803,0.056735884250230746,1.000000,1012006360.61006371,7532478.607452217158
1591824258,0.01755779833252818,0.05531086703370198,1.000000,1013652642.12976435,7255327.506119100244
1591909768,0.01652476991933105,0.05402828343411021,1.000000,1029120090.14881841,7101749.617740698701
1591995277,0.016319184507806273,0.05376655271839954,1.000000,1037305292.20334141,7103929.873414758333
1592080786,0.016345334857995737,0.053799535659084616,1.000000,1036755514.63725892,7107277.973252141176
1592166295,0.016580763235147445,0.054099090513497254,1.000000,1028549682.53643627,7113446.484874430809
1592251805,0.017443806231047222,0.05518133705045188,1.000000,1007043743.54457729,7184499.901013606061
1592337314,0.016891474379161577,0.054492016237488554,1.000000,1028505938.18724517,7194813.504504050725
1592422823,0.015105379989837867,0.05210793378429628,1.000000,1061919752.68541097,6894186.481646135167
1592508333,0.011662929122579088,0.04735229741604,1.000000,1206080166.95431471,6699383.549963814815
1592593842,0.012412912699652305,0.048447042245002826,1.000000,1186520728.11968194,6846800.981608917832
1592679351,0.015052412746965652,0.052058335661803706,1.000000,1224184758.78995986,7988009.012454625000
1592764860,0.009036134557142179,0.042971273421724215,1.000000,1758986848.17604179,8038222.427232928068
1592850370,0.004837505406033237,0.03514386277623638,1.000000,2609904048.11902979,7842569.181053528602
1592935879,0.002971454134051267,0.030715878753746866,1.000000,3814315443.78829766,8116407.369256310502
1593021388,0.001878378253791184,0.02759149428227853,1.000000,5569666874.54472111,8346149.854831226006
1593106897,0.001287647221693071,0.025650180963944835,1.000000,7757845981.61614014,8609024.140315959073
1593192407,0.0013082174557439421,0.025731220067025037,1.000000,9205176160.96226498,10487747.866406542732
1593277916,0.0010119526451258178,0.024662459644695194,1.000000,9798621344.43663600,8997914.534919187804
1593363425,0.0009564885028836435,0.02445598544406642,1.000000,9660384817.46155827,8472708.447562459184
1593448935,0.001015927450562202,0.02468008198573668,1.000000,9937987606.08170578,9173969.594734192064
1593534444,0.00121513963664165,0.025403265283623612,1.000000,9379763358.82072828,10048307.744792618067
1593619953,0.0016285521740862056,0.026817017072853,1.000000,9511300802.13089141,12956786.580319570615
1593705462,0.0018078026643803301,0.02738253160684004,1.000000,9895457765.88886571,14621633.998764410234
1593790972,0.0014816011681446477,0.02633159204966814,1.000000,10702077131.13907200,13508394.814164516762
1593876481,0.001312013513816889,0.02575057168088553,1.000000,10854246575.11478057,12408448.744132053373
1593961990,0.0013395742405109122,0.025846424487013808,1.000000,10852391654.96749390,12618796.164667311962
1594047499,0.002683651390036021,0.029837332186088323,1.000000,11047492127.34096498,21934142.294796581704
1594133009,0.003873163525976881,0.0330288276375999,1.000000,10936508662.04780357,28736589.280518325623
1594218518,0.02086301880722595,0.057441557793541556,1.000000,15764603607.07685568,127600606.46633234
1594304027,0.028355630220439097,0.06731922170382265,1.000000,19518282334.70120035,185750699.49154597
1594389537,0.028296122137089198,0.06726420451659738,1.000000,20076327965.40280364,190800881.82825040
1594475046,0.027977096736772292,0.06694683759978208,1.000000,20353501360.70356535,192182194.24214207
1594560555,0.026098480386836438,0.06493145617761693,1.000000,19887470182.85102753,180492940.03904024
1594646064,0.017164573322736555,0.0549345473367759,1.000000,17500823513.98260090,123517456.32695821
1594731574,0.017584270494681822,0.05545088633606547,1.000000,17891267990.63835612,128123996.96014125
1594817083,0.016679375953381696,0.05432415918671527,1.000000,18931358349.66009516,131303037.46378853
1594902592,0.017149158290006794,0.054915618098350515,1.000000,19274404612.45462947,135988581.45107206
1594988101,0.017883482963374567,0.055830784552885385,1.000000,19782874331.84552209,143176128.22916808
1595073611,0.01765900495041741,0.05555347043293021,1.000000,19864622223.57166531,142677419.47038322
1595159120,0.017541565024189215,0.055407966075508894,1.000000,19751395851.42338167,141297515.89501479
1595244629,0.01778746206985855,0.05571178723139848,1.000000,19894068301.06252540,143535976.76907863
1595330139,0.018657022579233094,0.05676977261705216,1.000000,19972289481.42003381,148338120.33028471
1595415648,0.019022270285900193,0.05721153551846128,1.000000,20089698220.42473488,150980879.91270699
1595501157,0.0163308719124363,0.0538624478371753,1.000000,18520502428.21563263,126934334.60369879
1595586666,0.016818386681138497,0.054487114121152994,1.000000,17602659799.99586648,122569971.98413031
1595672176,0.018364165945221958,0.05640825403685449,1.000000,16184896935.09210198,119098462.11477422
1595757685,0.016066269535957415,0.05350489437196157,1.000000,12545029033.29559700,84900169.466286765512
1595843194,0.018362684395421807,0.056401234619040064,1.000000,12504740032.87308112,92010282.211821365304
1595928703,0.016848472279749,0.05453313949293148,1.000000,12746741286.06078210,89030954.999698789813
1596014213,0.010992423146478634,0.046358618255525195,1.000000,10050992533.32510729,53822773.584418839590
1596099722,0.010273951233957647,0.04521073063023321,1.000000,10385204383.87897768,53014937.940037600660
1596185231,0.016736216831180577,0.05435043001314161,1.000000,9827124260.80396973,68304763.348330398202
1596270740,0.010817835403569807,0.04587566407139508,1.000000,12701382513.02317998,65910387.868795515884
1596356250,0.008511759356248937,0.04235947810531819,1.000000,13069738263.65750082,59235737.161513986364
1596441759,0.008698331894332896,0.04267795944655726,1.000000,12612222274.68555079,57978392.134039758250
1596527268,0.01032481864416534,0.04533476821045144,1.000000,11253629728.90015150,57659573.734301128752
1596612778,0.01588182442682149,0.05311020375125548,1.000000,9012815290.66534658,59796578.991738864865
1596698287,0.023425918718042688,0.062194015776775295,1.000000,7729687972.69383231,65837985.080846947264
1596783796,0.020832138211768977,0.059227375344630837,1.000000,8485654302.84929358,66927216.042119047257
1596869305,0.023405982108052316,0.06218088828897863,1.000000,7884396203.37875273,67131305.576117363383
1596954815,0.021539162364822676,0.06011724532054675,1.000000,8366075942.07953484,67786249.934972288950
1597040324,0.02176090215025547,0.06037015829624173,1.000000,8409372306.83687828,68583148.432290976768
1597125833,0.02297151098462076,0.06171036144520097,1.000000,8185135667.81909415,68942189.406407365410
1597211342,0.0237330103949029,0.06253739670537008,1.000000,8154023929.81584545,70030037.383483654155
1597296852,0.025122347571310544,0.06401074258597757,1.000000,7890445557.41746104,70067633.960089167241
1597382361,0.020962181264180077,0.05945414611644326,1.000000,8713175018.09750378,69427852.064130644776
1597467870,0.020362390881098397,0.05877481063007006,1.000000,8847819500.70594800,69353427.223437224658
1597553380,0.022392842141305894,0.06107026453439878,1.000000,8383058951.70617249,69557228.930263070485
1597638889,0.025713771260742046,0.06459671603834687,1.000000,7842397816.95984346,70429661.104615177215
1597724398,0.023907634746476072,0.06269726530449918,1.000000,8069487211.97513817,69470911.945598097493
1597809907,0.02655651710980448,0.06494009085304929,1.000000,8920049002.53701273,79520511.077679798354
1597895417,0.06766214293357668,0.09757578913335375,1.000000,6192837002.77538603,95044970.063652345687
1597980926,0.08736882549408616,0.1099785517461724,1.000000,5620000505.54634256,100253254.95050443
1598066435,0.07124490168662619,0.10032728378444955,1.000000,5582629230.22562939,89276358.077824195997
1598151944,0.06489767057424148,0.09623688531927635,1.000000,5881483926.65403707,89395311.780654456320
1598237454,0.05318416860224318,0.0881355973253939,1.000000,6499166177.10432171,88639872.546214077348
1598322963,0.04033011739561085,0.07788845281540983,1.000000,7490781294.05496185,86303496.298349579971
1598408472,0.030849035161186145,0.06971648779887403,1.000000,8442863422.54366768,84664521.938516538517
1598493982,0.028773049791654213,0.06771529848548449,1.000000,8557402224.15145049,82430698.945615655989
1598579491,0.026679206671295246,0.06562273486996077,1.000000,8857962013.97218543,81655775.425373839424
1598665000,0.02564688708635986,0.06454182667080861,1.000000,9091781797.23995452,81777152.957709525105
1598750509,0.02263671939986566,0.06130129704636986,1.000000,9799536008.94585657,81708267.353279817786
1598836019,0.024526617027091482,0.06338598946150914,1.000000,9291245090.13033261,81538011.315796918392
1598921528,0.025639057948484242,0.06452381245315045,1.000000,9005522595.56676130,80944090.080129579395
1599007037,0.02836863245842883,0.0672875021310692,1.000000,8342909074.36566531,79577161.805950631132
1599092546,0.02372510211082442,0.06250647274284399,1.000000,9151316004.08476357,78652686.038131047461
1599178056,0.022810803764694985,0.06153371598105745,1.000000,9411914412.67349114,79141724.613750427286
1599263565,0.02097677977364343,0.059457071242650865,1.000000,9248710199.65043191,73913204.994010463343
1599349074,0.01909921452873622,0.05728994278381407,1.000000,9234370395.00714097,69826989.702857008357
1599434584,0.01971269214046929,0.0580088532937521,1.000000,8836822515.04915846,68089233.019631631776
1599520093,0.01745595645247417,0.05525747709249656,1.000000,9245970130.51699672,66111133.082908950339
1599605602,0.017310036007186388,0.05510012813083842,1.000000,10075687956.13111839,71785917.642556172111
1599691111,0.016163943085043885,0.05364012857892608,1.000000,10130335870.96510073,69151874.185561502270
1599776621,0.01751691572655895,0.055359113696845326,1.000000,9570117072.58957330,68666622.081774411226
1599862130,0.016690637990335315,0.05432328751568917,1.000000,9658558297.57461433,67306717.208196588499
1599947639,0.017921376908678014,0.055853575996070395,1.000000,9286834388.23882696,67526016.127798695157
1600033148,0.01886210907798804,0.05700552012149626,1.000000,8895627621.49714246,66791770.129692391549
1600118658,0.02384484709558502,0.0625919478813888,1.000000,7808115595.04146123,67101156.919479820459
1600204167,0.024832748277594373,0.06369746711449462,1.000000,7576057938.86251064,67033512.419578897134
1600289676,0.025874937450467195,0.0647889551722217,1.000000,7841785062.01462248,71106526.868872890909
1600375186,0.027709005178094534,0.06665652414549075,1.000000,7880715183.30223087,74384890.195129011881
1600460695,0.028142610933157047,0.06705495788472414,1.000000,7967526366.70731877,75779881.337030297907
1600546204,0.01968375060185287,0.057966611526478654,1.000000,9492404442.39446890,73090506.579474617894
1600631713,0.022099650904268495,0.06074524925337905,1.000000,9534474854.04632265,78761974.815165024096
1600717223,0.028575475781788852,0.0674340968424885,1.000000,8616293952.70620400,82393682.125199915820
1600802732,0.029177938176787467,0.06809516809576914,1.000000,8157757598.24133069,79346503.572879283816
1600888241,0.023175364131740712,0.061878748650686516,1.000000,8702043322.82349638,73774589.779550456776
1600973750,0.022532543800544765,0.061222086717684275,1.000000,8677549646.34155153,72535086.649496457458
1601059260,0.020000978790638207,0.05833430970120461,1.000000,9146367338.61979469,71095235.331007330160
1601144769,0.007630661827779235,0.02396732926745322,1.000000,9171128381.26639886,65312130.301082327652
1601230278,0.005502453058516134,0.017131352389678695,1.000000,9512369568.23617870,68434931.721361842050
1601315788,0.005702206493476618,0.01743961308223663,1.000000,9167178724.39241314,67162950.464499645042
1601401297,0.005469314395421313,0.01707880997992704,1.000000,9402926319.24314565,67439987.666284769231
1601486806,0.005132605037951344,0.016549271014631158,1.000000,9618262158.72452658,66900153.360908173619
1601572315,0.005240014711670003,0.0167229030825674,1.000000,9565608196.00307053,67229177.834193960998
1601657825,0.005649317451627386,0.017361338618601112,1.000000,9051941159.21633283,65977382.742356484848
1601743334,0.0059213825051951975,0.01778292244318963,1.000000,8879323743.23798558,66325533.803153758427
1601828843,0.005615136046996704,0.01731177016744487,1.000000,8826220433.78723026,64194033.921425271654
1601914352,0.005200649074829447,0.016649400701863097,1.000000,9301010968.33563068,65013194.643653771186
1601999862,0.00469733050968375,0.015828033543562256,1.000000,9529944772.15786898,63423556.786892270192
1602085371,0.004832275856312441,0.016042625480283065,1.000000,9520957686.73394344,64104273.232472670886
1602170880,0.005343177539850084,0.016883951977909737,1.000000,9696204043.82864908,68798268.767479447970
1602256389,0.00579618182742945,0.017593104907536683,1.000000,9614106844.58448450,71065900.990104770861
1602341899,0.005596736684768372,0.01728555127227344,1.000000,9560047222.25245194,69435730.209975726519
1602427408,0.0053018303675082664,0.01681547177656544,1.000000,9784678880.43353615,69154577.839258911809
1602512917,0.005800431321436373,0.017592999044980705,1.000000,9992126993.03180576,73833730.979447867532
1602598427,0.0052565522018949646,0.016748378869098638,1.000000,11144878162.13397683,78461428.406316889675
1602683936,0.006050536671249477,0.017971175785177197,1.000000,10951082824.64604327,82647458.844522711538
1602769445,0.006903250505974878,0.019189832640683996,1.000000,10959256125.31144652,88200302.550664855501
1602854954,0.007484399277936385,0.0200070653215166,1.000000,10582242708.40091736,88858958.059773606474
1602940464,0.007614927344164437,0.020181960887178035,1.000000,10651497575.73866382,90218464.469920685908
1603025973,0.00983709531286531,0.022945268076593847,1.000000,9589984452.35890756,92151378.298006484932
1603111482,0.011139098645138179,0.024437622877108052,1.000000,9540261942.16559129,97647224.217249341658
1603196991,0.011573716960083271,0.02491339983940787,1.000000,9453962295.25807259,98622051.817673885419
1603282501,0.012124195864418137,0.02550358507221083,1.000000,9312170482.69713248,99423962.520540182226
1603368010,0.012705046905409554,0.02610279720463062,1.000000,9224146194.41579018,100747581.02948438
1603453519,0.015197847112160824,0.028569177406232653,1.000000,9261872703.37166862,110650707.53697727
1603539029,0.016057125685375262,0.029376689689433435,1.000000,9629223296.90709117,118216437.29515384
1603624538,0.01955105366693534,0.032372490829088316,1.000000,9815784313.23381508,132497095.086187615160
1603710047,0.02670374651221181,0.037930707870612666,1.000000,9684927914.64417775,152884016.213425020790
1603795556,0.024260818587101968,0.03613391495287406,1.000000,10406037519.86115274,156526964.600112332395
1603881066,0.023126418213710583,0.03528365440285387,1.000000,11624055666.78767498,170792865.502803234238
1603966575,0.02241275069781655,0.03473571853394478,1.000000,12042690640.79681815,174404114.955699828475
1604052084,0.02424012564118084,0.03613549961305202,1.000000,11807470844.68313448,177747484.46191501
1604137593,0.026705135865316004,0.03794206940209001,1.000000,11427142548.73808514,180518027.44423433
1604223103,0.029656890554995926,0.04003534131793801,1.000000,11253573154.23938724,186970197.28008348
1604308612,0.026070738277889298,0.03748246054859891,1.000000,11265894954.39801562,175882591.08478575
1604394121,0.028373496729720837,0.03911564222559944,1.000000,11023308407.96496691,179484704.19201008
1604479631,0.029111415791260892,0.03962274447716687,1.000000,10976971989.88440806,181002451.48842726
1604565140,0.039035130611638214,0.05099297203681775,1.000000,10661586880.76706036,182804387.69870110
1604650649,0.03809775793215287,0.05000882648161832,1.000000,10750160220.64454976,183625197.01600616
1604736158,0.02576967359601047,0.03726683636925299,1.000000,11033216762.78504879,171330921.70094084
1604821668,0.02446608743513347,0.03630998911866504,1.000000,12446307358.03153894,188462197.65781262
1604907177,0.02499513305124676,0.03669503781995142,1.000000,12954625542.51756468,198017204.29619183
1604992686,0.027474087347572295,0.038472418683307,1.000000,13610512622.42469483,218183568.64845473
1605078195,0.03679976799298685,0.048599061288817066,1.000000,13714402231.79083381,232599950.30224300
1605163705,0.04348208515297017,0.056544996816560986,1.000000,13845051138.72098265,239226377.64165550
1605249214,0.029199231373894605,0.04073483417253131,1.000000,14621480809.79692430,233020760.86380828
1605334723,0.023292089211569902,0.03542289822889429,1.000000,15616809554.50082174,230923095.16798019
1605420233,0.024010105063227663,0.035967345950425014,1.000000,15701640239.85467243,235695130.19697314
1605505742,0.02543853387604569,0.03702062140993698,1.000000,15603252034.34757466,240919166.43459027
1605591251,0.027369395516826794,0.038413887411740746,1.000000,16067572442.40955755,257334742.83586837
1605676760,0.029667415639727347,0.04001065384411345,1.000000,16587384633.72586522,276393267.46002091
1605762270,0.0304173115419401,0.040509342673981846,1.000000,16284764793.45881466,274810062.09323070
1605847779,0.0283023407663252,0.03905119425235841,1.000000,16340059198.33634111,266002614.30485131
1605933288,0.027130848591803414,0.038243850095727394,1.000000,16193768961.32343823,258300401.17003388
1606018797,0.049307808685450046,0.0634493017735181,1.000000,15364761027.32932681,265790782.84066989
1606104307,0.04816016841001423,0.06217046102948804,1.000000,16123593998.53094055,279639758.52865757
1606189816,0.05799181372277979,0.07416111939789392,1.000000,15878172627.02789731,279806031.96673467
1606275325,0.060245107589245936,0.07686546273502004,1.000000,16481589727.87008255,291311508.58490332
1606360835,0.06707073728836757,0.08486576423386692,1.000000,17341353625.08332724,309043423.31056714
1606446344,0.05369510225879694,0.06894070671872293,1.000000,18293905530.87971618,320664457.94557695
1606531853,0.04716022908596561,0.061086219932934775,1.000000,19714034971.15194397,342941394.34363348
1606617362,0.053841472691393714,0.06919359834533982,1.000000,19855823203.68972080,348418282.58202570
1606702872,0.04824126222642853,0.06237674196297441,1.000000,18752124806.18602875,326241218.38379554
1606788381,0.02549203567428422,0.037055527258967005,1.000000,17833553879.32825835,276263422.65994043
1606873890,0.027010881495952908,0.03815819252246601,1.000000,21393116690.90931316,341106904.94852825
1606959399,0.027732363649256898,0.03867135652471198,1.000000,21623799539.23199332,349316898.05409247
1607044909,0.029266153810581088,0.039730213296914736,1.000000,21470349961.57460732,356176857.97604827
1607130418,0.041907735130006105,0.054599601678397766,1.000000,21342118366.67376434,368838035.51843926
1607215927,0.0354257446103443,0.04655965193298337,1.000000,21596263124.52751083,370210794.70333880
1607301436,0.046693112293513424,0.06050300861492877,1.000000,21527931013.30047799,374633769.63821154
1607386946,0.045591515910647196,0.059189497947846864,1.000000,21581769366.17919484,375122099.58944933
1607472455,0.0348503553763105,0.04596381996534102,1.000000,22165777777.98357499,378161350.89816404
1607557964,0.03231706109317309,0.04280081528610553,1.000000,22822661122.72349995,388207185.29853258
1607643474,0.029304572249885783,0.03977048622661313,1.000000,23085215131.38310154,383353611.58784906
1607728983,0.029060117021637095,0.0395910263127308,1.000000,25560629828.01537017,422976160.23809241
1607814492,0.027755141901022896,0.03868357397374774,1.000000,26949179159.36255280,435803045.30013325
1607900001,0.027282990138587863,0.038354921521061715,1.000000,26975408816.08285182,432760696.70957453
1607985511,0.02752216743916544,0.038523579203937855,1.000000,29154535071.09684604,469767606.01667159
1608071020,0.027273332922545006,0.03840108665286865,1.000000,32937512222.21802408,529123762.58656326
1608156529,0.026836086299201187,0.03855829651654979,1.000000,34490458282.49230219,556344529.29844698
1608242038,0.026864378793051057,0.03857875827341757,1.000000,35497899057.05934092,572941714.05526749
1608327548,0.026735002767218043,0.03848493153740824,1.000000,36130582599.32934974,581786473.12850559
1608413057,0.02636199491488127,0.03821426795838454,1.000000,38397442566.38718133,614087968.39213176
1608498566,0.027441438783737997,0.03899006377734011,1.000000,39002970336.48951398,636231616.71088780
1608584076,0.04266717739534004,0.056968705494345254,1.000000,37883927437.11720115,657602470.68422232
1608669585,0.04466270676632294,0.05955608776753939,1.000000,39718840727.29628319,691573345.61406053
1608755094,0.0500477304751407,0.06630764637144973,1.000000,40231650560.59596462,705623137.22186387
1608840603,0.05898195068308028,0.07731956519243803,1.000000,39999911282.21702048,709710941.85300612
1608926113,0.04953637951732296,0.06566558091228866,1.000000,40620221876.52024333,712156417.77988365
1609011622,0.051229895548818356,0.06775899992348948,1.000000,41834585311.19231189,735184841.93173834
1609097131,0.05432397073985384,0.07155687629720682,1.000000,41534167882.83805511,732921363.42556937
1609182640,0.054139405711417475,0.07132891572484469,1.000000,41117154782.33589240,725449634.38291649
1609268150,0.049599105215136795,0.06574576662092259,1.000000,41633805891.75643517,730485701.76778718
1609353659,0.05671113591742727,0.07454043784483376,1.000000,41521638399.59779737,735314904.23400507
1609439168,0.05754878178566721,0.07557137835185879,1.000000,42185963450.22838049,748002908.28513738
1609524678,0.0611704301932437,0.07998854040520034,1.000000,42976283263.64722228,765569271.16207883
1609610187,0.06175549958024545,0.08038676232046399,1.000000,40247152688.00816802,717029539.64313901
1609695696,0.10502444378835675,0.1309413313433247,1.000000,34968758732.39872788,654526666.27622333
1609781205,0.0797434049265397,0.10199772460108482,1.000000,33930701687.21326271,618300883.43293483
1609866715,0.05821070195476076,0.07632768381364548,1.000000,36285925123.35833146,644538398.34591035
1609952224,0.0833376668650043,0.10614224407299679,1.000000,59960387864.95572351,1095956998.88792685
1610037733,0.07304810299572023,0.092770130876772,1.000000,46677736155.75808806,841877556.31268898
1610123242,0.06871878608448903,0.08904418842283385,1.000000,36668023142.36429269,660248831.97557407
1610208752,0.06379077836465562,0.08315170152792574,1.000000,37574490046.38002468,672712754.25003754
1610294261,0.06676189881459466,0.08675962702285434,1.000000,38083639055.79563595,684471543.51648481
1610379770,0.07617389831069911,0.09796699576369754,1.000000,38050072616.81495173,691681647.78894291
1610465280,0.06273985213160531,0.08188895038680039,1.000000,39069336661.91747050,699019779.32141354
1610550789,0.05358535311867336,0.07069846383677661,1.000000,40227400587.41366098,711664950.15520487
1610636298,0.06636140093582923,0.08622547312134057,1.000000,40807432596.72618613,733569153.57076919
1610721807,0.09190895174061639,0.11619000051386981,1.000000,40101774213.89529956,742440709.92437735
1610807317,0.08085904745533955,0.10347478987933018,1.000000,41190140723.59642462,753611210.09301614
1610892826,0.07199822415550444,0.09298908064148455,1.000000,41678902828.61902699,754871994.11544648
1610978335,0.08724643770159922,0.11085318926104809,1.000000,42741132422.06225986,787961898.21842889
1611063844,0.0980446895853104,0.1231136152455041,1.000000,56397753809.48918796,1051681751.16458689
1611149354,0.09035986209825292,0.11446279058983677,1.000000,64841751717.38337948,1200174519.04490406
1611234863,0.08008337065038593,0.10256771146449839,1.000000,65296137042.32881114,1195126994.09269905
1611320372,0.08729820394956055,0.11091397484818637,1.000000,63767103777.53562556,1176791224.49992317
1611405882,0.09218422177327844,0.11639598334795061,1.000000,62281000719.19989430,1156378092.29966075
1611491391,0.08753856457917245,0.1112214760710712,1.000000,67632949006.34408392,1249194376.96502747
1611576900,0.08532686456761664,0.10854870306268292,1.000000,57639878767.54112337,1061540263.66078954
1611662409,0.07779833228456437,0.09983528399209635,1.000000,45446459310.93159525,830608212.35676387
1611747919,0.06443676403360166,0.08394904008216769,1.000000,47003806907.24987657,845777845.12900177
1611833428,0.06879413554813614,0.08915441915760486,1.000000,48065598567.34956087,869585261.49439716
1611918937,0.06453640309354076,0.0840812534840625,1.000000,48701373872.58235835,876827566.30761235
1612004446,0.05672038658428514,0.07455995363917098,1.000000,50441824017.16500595,899526078.18140614
1612089956,0.04928591141122489,0.06535979360590853,1.000000,51881300730.41292286,916543370.62180910
1612175465,0.05313728115391539,0.07011372824014028,1.000000,52014161362.91032283,923605645.28966155
1612260974,0.08485347984712431,0.10811925931252425,1.000000,52520332028.73275373,968974785.79723313
1612346484,0.08865826921991535,0.11252767285790617,1.000000,51988733299.91378433,963514812.31798920
1612431993,0.07537143148643544,0.09696500981672586,1.000000,52660811014.31728004,961414080.92467625
1612517502,0.0660485940746476,0.08586391317975701,1.000000,55441935029.54579562,1001339240.13581926
1612603011,0.08897099971319712,0.11284483870257765,1.000000,57340349978.78146394,1063695874.11021288
1612688521,0.10147410579332364,0.12711006274889686,1.000000,57663740536.45991686,1084561465.38797698
1612774030,0.12252281478001754,0.1499970842627326,1.000000,57612111466.10309579,1106595132.73646973
1612859539,0.11010358117541072,0.13675063800899734,1.000000,58591960381.75372888,1112598995.12333555
1612945048,0.10055128644888267,0.12607698350579358,1.000000,59419000877.94849794,1117561034.36043794
1613030558,0.09377935511658443,0.11838941261903473,1.000000,59849619085.63005635,1117862246.81215758
1613116067,0.11001495791285971,0.13659344211805702,1.000000,61672623550.49622581,1171961712.83721359
1613201576,0.10790350345854609,0.13430065719532833,1.000000,63201680944.01187682,1198858164.09103042
1613287085,0.10875807527123173,0.13523927849130069,1.000000,65108477187.24616353,1236549455.77872403
1613372595,0.10489808892452741,0.13095158397093504,1.000000,67055747497.27951253,1268887003.99653499
1613458104,0.10908617066122132,0.13561748483275207,1.000000,67410785478.84203056,1281485634.33630599
1613543613,0.10253426673809923,0.12830376305682573,1.000000,69597911576.27912135,1314534691.95662849
1613629123,0.10121098017434703,0.12680892877359776,1.000000,71707689265.21997429,1352944422.51981405
1613714632,0.09947935205426929,0.12479468240227336,1.000000,72418908607.43764782,1364032620.96848111
1613800141,0.09901624896860385,0.12366453443649196,1.000000,75666635523.91661011,1423752056.32063653
1613885650,0.1394783257095855,0.16844173629682085,1.000000,77013330560.58552904,1509712548.90325579
1613971160,0.11579460839738503,0.14302655239467413,1.000000,80460622701.79836488,1542936498.35439398
1614056669,0.10919989145005252,0.13571179528224678,1.000000,82268080608.35618038,1567517956.98331901
1614142178,0.09171552705564705,0.11604074345988037,1.000000,85386801918.58037689,1597863578.18556390
1614227687,0.09135465464598747,0.11562426246236057,1.000000,85983356119.33705598,1608814096.28843540
1614313197,0.07631109203242137,0.09782129517349887,1.000000,83061584350.20115973,1527994466.48951378
1614398706,0.046321239504952864,0.06164475531394414,1.000000,81475150434.67880908,1444732498.98651370
1614484215,0.052074137949131405,0.06879615906882017,1.000000,81124339822.52119866,1449546965.50919739
1614569725,0.06022810048148615,0.07883151112915468,1.000000,83079319774.18457677,1500162567.44022555
1614655234,0.03196146965175431,0.044075194633978985,1.000000,83674200801.10631235,1422265257.48306611
1614740743,0.02813692506672198,0.03948696154976843,1.000000,84921064868.08212179,1426418633.88317352
1614826252,0.02815190407211702,0.039497314740779665,1.000000,85501967084.24005938,1436670189.65747994
1614911762,0.02864030804344747,0.03984017087696431,1.000000,87434248841.37675529,1481774595.87215890
1614997271,0.04434850643145782,0.059059876841146546,1.000000,91123308382.01878987,1611053608.53606416
1615082780,0.0693912884972005,0.08991230312583183,1.000000,92437127681.84089450,1689124368.23027355
1615168289,0.057502022543491425,0.07551934812300676,1.000000,93420379257.25326961,1682686397.69253504
1615253799,0.052886719059919964,0.06983009697931318,1.000000,95329710783.56957866,1707292514.39111902
1615339308,0.051203275363201614,0.06771292744323243,1.000000,95677658329.16000503,1709911730.00601109
1615424817,0.07174925178279173,0.09269864907343502,1.000000,90757808476.72834845,1664014790.03334868
1615510327,0.06965049590672355,0.0902031715693257,1.000000,90585590777.35630945,1657271926.15122658
1615595836,0.09039609130278858,0.11451148397684342,1.000000,93621312868.33675475,1754363204.31313444
1615681345,0.11733156094887155,0.14470617857311033,1.000000,94636915034.37387845,1824453648.69309662
1615766854,0.09492870281990501,0.11898436968110254,1.000000,96626424706.36408131,1812924400.25151038
1615852364,0.027005229118676314,0.03867990410403405,1.000000,109626403946.83463788,1808728769.49936085
1615937873,0.027683213172005505,0.039162307214481565,1.000000,113428401327.01069117,1894827110.68077124
1616023382,0.028514885493403398,0.03975194881627991,1.000000,116198836582.15779910,1969643373.22826050
1616108891,0.03212397803459474,0.044008932473392014,1.000000,115177964817.01186980,1979928299.47556747
1616194401,0.052270176310857945,0.06906932639454509,1.000000,114789850852.22116860,2058281056.18718371
1616279910,0.05603309374969223,0.07371512267568964,1.000000,118227243065.13781940,2130439878.95251468
1616365419,0.06156588238912454,0.08045178597871151,1.000000,119651505453.21199555,2171520771.14645758
1616450929,0.06735799461130496,0.08747468823038101,1.000000,122155338821.86011148,2233154808.45351469
1616536438,0.061580674325214996,0.0804977801053483,1.000000,126160555550.53904760,2290598501.03823531
1616621947,0.05822297302856828,0.07640894339264531,1.000000,124622543961.80018382,2253624942.46787121
1616707456,0.052239102599840756,0.068992863416985,1.000000,124227447883.29524792,2229496152.40700741
1616792966,0.04980548141137803,0.06597742382850968,1.000000,131312091447.93043129,2349879222.11707199
1616878475,0.05096398946759947,0.06742411062866867,1.000000,134573692375.18266454,2412112005.81282531
1616963984,0.04386995742644689,0.05855476281036127,1.000000,135406294055.68123678,2404839270.50222991
1617049493,0.08677428862996774,0.10606110099757288,1.000000,131346905754.99385160,2431943189.06444981
1617135003,0.13494714315724196,0.163235020329139,1.000000,120894356195.75229999,2375116580.12576866
1617220512,0.09696450406594918,0.12194750811432341,1.000000,123370438425.12351639,2336208931.23844433
1617306021,0.10408519352685358,0.1300346386736984,1.000000,124596720072.01200227,2378241815.84347329
1617391531,0.08436200270786226,0.10747274454482204,1.000000,127369980942.45909602,2380141590.90625636
1617477040,0.08319875627869093,0.10619148951932916,1.000000,128169188639.30952528,2392992000.40529806
1617562549,0.08493835376244276,0.10822932599806374,1.000000,130473827781.89359657,2441520010.80189616
1617648058,0.09905893229219288,0.12386569945039505,1.000000,130655958988.97487538,2481600635.79384028
1617733568,0.13890506727886806,0.16793017109369726,1.000000,132070568579.03902851,2611822359.04565791
1617819077,0.1300612561225877,0.15851211527193515,1.000000,133827144692.30601264,2625770393.56597518
1617904586,0.11821924090236013,0.14568995232208284,1.000000,134685872160.27174490,2613563607.12412720
1617990095,0.11398036190204908,0.14101701221424326,1.000000,137692868293.77689279,2661401453.96705189
1618075605,0.09746555705090626,0.12255639673372114,1.000000,139252526742.22709063,2646900797.36675107
1618161114,0.08334649838943471,0.10636757449222568,1.000000,141860571004.65188733,2655817513.51110233
1618246623,0.08931144660503398,0.11324224959362335,1.000000,143434321810.73824114,2703812198.11417951
1618332132,0.09092648331990076,0.11513715386233446,1.000000,144776920486.10634038,2734835697.59968116
1618417642,0.08811744422838726,0.11188338921523293,1.000000,147075481878.45084487,2770270385.88981266
1618503151,0.07195811644284182,0.09285575444872722,1.000000,153511091853.11156607,2838509342.44471546
1618588660,0.06392556201365981,0.08324169784628674,1.000000,173485875354.28723510,3175671174.50103498
1618674170,0.07262457247749436,0.09361675087266995,1.000000,185904886271.81384967,3441419317.39929321
1618759679,0.10428702404251136,0.1316250498333144,1.000000,184924938545.97381890,3511748916.97242194
1618845188,0.10254636345129937,0.13023534806532353,1.000000,185980493443.16097223,3511988984.45149737
1618930697,0.09212546691594296,0.11798631754165056,1.000000,170700153911.30333402,3191259536.16237920
1619016207,0.06896501400662769,0.09017803598657285,1.000000,156700776904.96498896,2860051416.99140069
1619101716,0.0358344187100943,0.04950748581929502,1.000000,167133834669.40330872,2869939459.47841112
1619187225,0.03381302929323183,0.04640185980219005,1.000000,165131808317.59253670,2869231092.11461257
1619272734,0.0632904693818,0.08335133930651543,1.000000,200495468437.13868224,3640540255.99166955
1619358244,0.06822937541176954,0.0895002217448649,1.000000,203725431097.42953934,3719027475.75907852
1619443753,0.044686424620659734,0.059992421974031554,1.000000,202782177695.09978993,3599488733.26652445
1619529262,0.03292453130559277,0.045702422850763424,1.000000,204004633171.21696177,3507470310.11243162
1619614772,0.032852320841875976,0.04565214300069937,1.000000,204770071170.77046912,3517185081.57896617
1619700281,0.032930231515173505,0.04570658473955007,1.000000,203091099616.89557961,3492681465.32035820
1619785790,0.03291589407572928,0.04569636261548018,1.000000,203278519044.85958741,3495403650.51573000
1619871299,0.03285680686881875,0.045655208234462306,1.000000,203754363332.89177957,3500843005.33526861
1619956809,0.03332714327519349,0.045982519916881535,1.000000,202602543703.09190663,3505733809.91274673
1620042318,0.03417591340195389,0.046607652599059995,1.000000,202266784916.47772287,3540936458.15297873
1620127827,0.03605463981989914,0.048919579880677445,1.000000,203680614724.44872256,3584964986.53157137
1620213336,0.0427069523726437,0.05746447915248048,1.000000,204495998875.22765141,3628959185.76466006
1620298846,0.0529731065250378,0.07058249884510798,1.000000,206372399525.64469961,3707708069.74762473
1620384355,0.052043979466602504,0.06940334920742264,1.000000,203343545959.57465192,3649644268.86095532
1620469864,0.054383206376607526,0.07235177676498726,1.000000,195499711739.63247059,3519039324.40832406
1620555374,0.06047036069583889,0.07994991739207959,1.000000,195788478928.78873068,3549197565.11002864
1620640883,0.060026761498322215,0.07940214854824146,1.000000,199882741342.20627757,3622203487.42597268
1620726392,0.06109640462146766,0.08072583414054389,1.000000,201104449368.68567001,3649263537.00428026
1620811901,0.060868782541438037,0.08044378276388565,1.000000,202482551262.23560857,3673950499.44266031
1620897411,0.05927100634714171,0.07845645087903504,1.000000,204591595110.16459340,3706043515.68245156
1620982920,0.060912161844405614,0.08044188109868798,1.000000,208705047213.59489640,3787665925.97582377
1621068429,0.06832293570093402,0.08953612090666685,1.000000,191523208485.07589206,3503479680.18560179
1621153938,0.07087785691208545,0.09270851565864884,1.000000,195799213801.02410740,3593441118.93872981
1621239448,0.07708298891457906,0.10015670520622028,1.000000,182602071760.01290359,3374354150.59263108
1621324957,0.06527010727871627,0.08580355014195103,1.000000,180734062511.77708000,3298226698.10183063
1621410466,0.06824994064540105,0.08953035211789383,1.000000,178435944011.67385948,3268023141.66835780
1621495976,0.06817734400865458,0.08942529056595014,1.000000,181620715606.93630383,3326741155.23383219
1621581485,0.03958971520857597,0.05401221233473841,1.000000,180071780181.38320923,3149787836.24725852
1621666994,0.030034995981954953,0.0436365851779614,1.000000,169679837913.27976054,2797781933.77809737
1621752503,0.027886525482375534,0.04203486967207773,1.000000,169386847298.26299806,2693480316.61217890
1621838013,0.0253520670222688,0.04006575822862814,1.000000,154629921636.18383977,2346440709.11124962
1621923522,0.024418210796151654,0.03931478214940378,1.000000,145276355196.26922428,2163579196.68887771
1622009031,0.023071862551331822,0.038211352722652206,1.000000,142473958811.40400572,2063153255.54822858
1622094540,0.023730361967227286,0.03875726960577717,1.000000,146489408383.08648736,2151088501.72237186
1622180050,0.023925915148118242,0.038917743704890366,1.000000,146575369709.85134197,2161223934.47240368
1622265559,0.02397582702541781,0.03895842963316917,1.000000,150047407491.39494284,2214851706.35105850
1622351068,0.023815689182803346,0.038827316176705484,1.000000,152535091413.92870106,2244234726.53672758
1622436578,0.022979994138522846,0.03813431395379706,1.000000,156658668654.65245879,2264815401.99134476
1622522087,0.019220896388275184,0.03484884364897352,1.000000,113524299342.67190009,1502325336.45860462
1622607596,0.019249035001174426,0.03487882986789031,1.000000,141256943053.40316242,1870856696.95114433
1622693105,0.01979670235745547,0.03537427307542245,1.000000,141520158279.73707616,1900625171.88671353
1622778615,0.019856627236973408,0.03542957667179414,1.000000,142546308765.79929023,1917448196.84047852
1622864124,0.020309120134014504,0.035833552338230795,1.000000,143720525341.48330152,1955073031.20491965
1622949633,0.020611928804612524,0.03610204337431975,1.000000,144842447845.63940269,1984857758.28447131
1623035142,0.020905054116466943,0.036359947327159345,1.000000,143976421596.91514283,1986975548.82081778
1623120652,0.020820659240625115,0.036285987942178397,1.000000,142789803299.14890730,1966770394.08084867
1623206161,0.02053796227855207,0.03603581121631406,1.000000,148943450532.77963290,2037141547.94598601
1623291670,0.02019111563043159,0.035728998020820434,1.000000,160766543733.94595115,2181200336.29946943
1623377180,0.019898414876391227,0.03545932550056884,1.000000,159303723567.70668605,2147381894.19077735
1623462689,0.018388534327685526,0.03408483507932081,1.000000,137380329744.00640233,1779760058.52418152
1623548198,0.019350705123634765,0.0349669980162685,1.000000,136798844630.22042582,1817217567.10267423
1623633707,0.018205584706133645,0.03391319356876751,1.000000,137152588431.66290156,1768157015.44437058
1623719217,0.01830497889081933,0.03400543016217938,1.000000,138668435072.34102396,1792761250.85936800
1623804726,0.018988499837566754,0.03464046109174086,1.000000,141288763650.73775683,1860132007.49064465
1623890235,0.019130112502475927,0.03477058187654784,1.000000,142765546123.31067566,1886579392.93669212
1623975744,0.019626261920569085,0.03521766696491939,1.000000,145389162456.83699411,1946069846.04886688
1624061254,0.0205345326515611,0.036033773985114675,1.000000,149595614592.44543469,2047657918.12804856
1624146763,0.020309613288488702,0.0358338612159537,1.000000,151150947271.32927462,2057757353.22667588
1624232272,0.01995816210454168,0.0355208023884459,1.000000,150435893213.84721558,2030530326.75104400
1624317781,0.019717647174027634,0.03530386477134697,1.000000,150339956880.98739385,2017137644.65907696
1624403291,0.018149258141974378,0.03385170347762422,1.000000,139569722105.56086010,1799127884.99902137
1624488800,0.016828948360177527,0.03259607811269401,1.000000,132213256325.77328297,1640237383.30020302
1624574309,0.016524413666638895,0.032297105706783326,1.000000,131791469563.56267778,1620178272.78037917
1624659819,0.015825650945001872,0.03156001023549404,1.000000,140597802550.48559316,1697878826.87952194
1624745328,0.017398021530485173,0.03314711891892914,1.000000,159808046688.95530974,2015785898.71575365
1624830837,0.016925056833697355,0.03268946569128518,1.000000,160637464703.93923853,1998774780.75500932
1624916346,0.0167479416681219,0.03251722517443307,1.000000,160935169507.06894715,1992213719.80202311
1625001856,0.016718556656300967,0.03248836186584524,1.000000,160968652566.60906744,1990987558.71787520
1625087365,0.014615954237634829,0.030232039189036174,1.000000,137396893878.77197557,1612281504.66639681
1625172874,0.011939196688951752,0.027409873037770947,1.000000,108153781475.15119269,1131941961.07688332
1625258383,0.01317759930058771,0.028816591074192714,1.000000,113298604936.63347991,1245416738.57804771
1625343893,0.013667480113233946,0.029350311943341145,1.000000,118996308257.24289933,1332133211.37276516
1625429402,0.01426079601554344,0.029986411572007116,1.000000,121102734620.52275934,1384513487.34126410
1625514911,0.014934028422215648,0.030691463490972022,1.000000,125579081429.85292979,1469089852.63175214
1625600421,0.01612152383443674,0.03189675400050192,1.000000,137369164555.50633128,1669613457.23493782
1625685930,0.016321627648698163,0.03209730768152008,1.000000,141847273344.82227698,1734218449.15519882
1625771439,0.016410613259769,0.032185199608668384,1.000000,144286734195.64751117,1768835170.74633651
1625856948,0.01581770174222219,0.03159390390284588,1.000000,146669803389.03994642,1765679952.29226294
1625942458,0.017285205627890484,0.033027286068358544,1.000000,173336915095.10602787,2184639519.01936528
1626027967,0.018501779733068813,0.034189373121153235,1.000000,192407337799.09864192,2503984495.84582712
1626113476,0.018587781879893125,0.034270382906704304,1.000000,196196875181.86429397,2559008283.18355968
1626198985,0.018511099343693046,0.03419892497739645,1.000000,195521975820.72541669,2545135279.52576450
1626284495,0.018360218214943408,0.0340584052872841,1.000000,194990058239.52639534,2528026659.81500715
1626370004,0.018514477126586007,0.03420154196484513,1.000000,199429001373.76559312,2596740461.37671638
1626455513,0.01882707181552002,0.03449194828403827,1.000000,203569816971.01944584,2672556148.03346486
1626541023,0.0189099560667342,0.03456778971389563,1.000000,207431902098.30145471,2729121782.10736937
1626626532,0.018676300634806173,0.034352525254291694,1.000000,211425173505.46054465,2764938412.85786656
1626712041,0.018754455857490703,0.03442489867193475,1.000000,213448667659.04290845,2797325658.87646609
1626797550,0.0187740871136562,0.03444260025516732,1.000000,216728828218.81055575,2841834766.99469981
1626883060,0.01858744172606772,0.034269999763879316,1.000000,221685097742.03279798,2892775496.19495434
1626968569,0.01890087840863423,0.034559904553553185,1.000000,223180142900.59432278,2936547189.68567335
1627054078,0.019098703453901418,0.03474149362934908,1.000000,223093098317.85227909,2950706856.18618860
1627139587,0.018823300563340133,0.03448821571285318,1.000000,224581072437.03656603,2949224418.90726346
1627225097,0.01894197503433046,0.0345977016175476,1.000000,225752472978.00211954,2974068421.09488977
1627310606,0.01914713285052046,0.03478604997954165,1.000000,226089263616.54958812,2994665295.99576029
1627396115,0.01911103324207496,0.034753087251881545,1.000000,220372958412.25385042,2916323801.61933229
1627481625,0.01902103036626538,0.03467045294308737,1.000000,222461504303.03652007,2937215662.07359285
1627567134,0.01977012832693453,0.03535179131910248,1.000000,224743377234.70486085,3024835941.76039165
1627652643,0.019600181384088228,0.03519836851539545,1.000000,225492008302.01933682,3022117032.29680118
1627738152,0.01987911586386737,0.03544981730665894,1.000000,227184592177.39301505,3066332422.42507149
1627823662,0.019987503798587623,0.03554712488640077,1.000000,226629270083.39030445,3067268707.87714854
1627909171,0.02010733299903506,0.035654078817113015,1.000000,226698529407.23165670,3077482080.17804113
1627994680,0.020342079705661695,0.03586341390404268,1.000000,227031557779.88576270,3099898798.66222577
1628080189,0.02044628759991541,0.0359557901526695,1.000000,224504122288.37420122,3073321714.01402381
1628165699,0.019888803498575736,0.03545731859160154,1.000000,226733722455.47058041,3061553705.92853133
1628251208,0.020060196975116712,0.03561220218626539,1.000000,227440369838.77510091,3084616922.41377424
1628336717,0.02022387886151544,0.03575718909944204,1.000000,229581590805.00003529,3126338901.36923529
1628422227,0.02098864356582187,0.03643313150481815,1.000000,231078257941.42379548,3205289716.48991074
1628507736,0.021617282653556755,0.03697225185226766,1.000000,231351543765.60252461,3255932048.36110894
1628593245,0.02345051267845712,0.03852643444998382,1.000000,231976694672.41659656,3399569639.36757585
1628678754,0.022934663084004443,0.03809580398174614,1.000000,231368155257.76394784,3353651847.75571094
1628764264,0.02350002812314304,0.03856673533290018,1.000000,228506576917.73455046,3352544735.61362143
1628849773,0.024499429422165545,0.039384541361270974,1.000000,227922323904.28613784,3413749598.81445578
1628935282,0.025698466813646688,0.0403440248037152,1.000000,224051533891.69630807,3436200586.28830219
1629020791,0.025676959631573557,0.040327001490921555,1.000000,224008976557.57866031,3434361381.17847488
1629106301,0.025664793619943286,0.04031733611745068,1.000000,227034172835.02355308,3480177852.28620470
1629191810,0.0258965562571909,0.04049946397729201,1.000000,227505367194.47135133,3503084922.02749675
1629277319,0.026588127805055848,0.04104059959054296,1.000000,226786744902.41042036,3537920264.70125611
1629362829,0.0269254703799069,0.041302452811994204,1.000000,220571197895.46664196,3462880221.77978985
1629448338,0.027533065450774018,0.041768071607416274,1.000000,218364874990.10928295,3466295882.32981386
1629533847,0.028360842821951233,0.04239606010272388,1.000000,217540863774.70084089,3504283005.47516094
1629619356,0.029070246983423503,0.04292719344954595,1.000000,216415637473.67724592,3529253168.41884405
1629704866,0.029576555077514426,0.04330090657663543,1.000000,214536276803.55494718,3528659725.75378977
1629790375,0.03003725311203224,0.043640065096298405,1.000000,213770765469.04138117,3543331212.86980122
1629875884,0.030134416344388213,0.043708438495519294,1.000000,214272753616.98106076,3557354512.40779928
1629961393,0.031129588198419725,0.04443165323472678,1.000000,215619848247.08708328,3637999459.92019059
1630046903,0.031203640028690676,0.04448481853469424,1.000000,213912725787.64682657,3613733091.50332428
1630132412,0.03126785646453761,0.04453085803817339,1.000000,213547443052.51268775,3611532354.00312878
1630217921,0.03126558141229033,0.04452926313691914,1.000000,213352095511.47032529,3608379784.54723081
1630303430,0.03166501144522757,0.04481365396785511,1.000000,213092851936.25245152,3626844790.31204857
1630388940,0.03170613990764824,0.044843722350771574,1.000000,215524939588.83604851,3670936425.27777622
1630474449,0.03209643036863513,0.0451203208580474,1.000000,215112930854.28328878,3686318810.09518941
1630559958,0.03585956057164068,0.049099844841342145,1.000000,219024102557.19591565,3851093292.01951290
1630645468,0.04361730144848379,0.05869270453513076,1.000000,227253568725.33955241,4072810322.17680219
1630730977,0.04483618237960211,0.060239203464742826,1.000000,230255673752.50995506,4133064532.05215793
1630816486,0.034947889863118003,0.0474984142305025,1.000000,232279333212.37896810,4117656420.24662062
1630901995,0.044604891510080596,0.059909283046068934,1.000000,231218507212.32886309,4150003917.07042162
1630987505,0.05144308726926018,0.06864715141378747,1.000000,233189187784.76960635,4220140314.65606581
1631073014,0.03530410932375302,0.04917790269720664,1.000000,231311927232.38141015,3988940601.63149447
1631158523,0.030936970704585603,0.04429310900273713,1.000000,233546405474.43552022,3933806661.42832594
1631244032,0.031168256846841266,0.04445943799009161,1.000000,232593840447.71738486,3932497967.39633662
1631329542,0.03098326890740212,0.044326476525376746,1.000000,231912224489.41293397,3909802459.89131631
1631415051,0.031073348214221384,0.04439096085099776,1.000000,229880182104.58680648,3881354557.49174680
1631500560,0.03156086700778271,0.0447401790840834,1.000000,227025949951.67566915,3862985622.36271093
1631586070,0.03114228841615865,0.044440291373754125,1.000000,210858625423.53775980,3565235084.07970653
1631671579,0.032558581872994756,0.04543774167813987,1.000000,202206253003.78726324,3493627435.67911868
